timestamp,open,high,low,close,volume
2026-01-05T00:00:00,100.5044,101.1167,99.7544,100.6005,13615.7
2026-01-05T01:00:00,100.6005,101.4989,100.6005,101.4989,23376.8
2026-01-05T02:00:00,101.4989,102.0920,101.3011,102.0920,15205.1
2026-01-05T03:00:00,102.0920,103.0426,102.0920,102.6427,25588.4
2026-01-05T04:00:00,102.6427,102.8404,102.1537,102.7760,23514.9
2026-01-05T05:00:00,102.7760,103.0809,102.4928,103.0809,25322.8
2026-01-05T06:00:00,103.0809,103.8057,103.0324,103.6774,36658.6
2026-01-05T07:00:00,103.6774,104.2667,103.5895,103.5895,34093.9
2026-01-05T08:00:00,103.5895,103.5895,102.5880,103.5651,23835.2
2026-01-05T09:00:00,103.5651,104.0533,103.3709,104.0533,30867.1
2026-01-05T10:00:00,104.0533,104.5539,103.9672,104.5539,37008.8
2026-01-05T11:00:00,104.5539,104.9404,104.2537,104.9404,27468.2
2026-01-05T12:00:00,104.9404,104.9404,104.3343,104.8284,46651.1
2026-01-05T13:00:00,104.8284,105.4602,104.4927,104.7854,38953.7
2026-01-05T14:00:00,104.7854,105.1536,104.6153,104.6153,41189.9
2026-01-05T15:00:00,104.6153,104.6153,103.2860,103.3527,44354.7
2026-01-05T16:00:00,103.3527,103.3527,101.7739,102.1570,54729.9
2026-01-05T17:00:00,102.1570,102.1570,100.3714,100.3714,33054.0
2026-01-05T18:00:00,100.3714,100.4171,98.7448,98.9234,23542.6
2026-01-05T19:00:00,98.9234,98.9234,97.5877,97.5877,27656.5
2026-01-05T20:00:00,97.5877,97.9877,97.1979,97.1979,11348.9
2026-01-05T21:00:00,97.1979,97.2265,96.7419,96.9222,8418.1
2026-01-05T22:00:00,96.9222,97.5988,96.2109,97.5988,6396.8
2026-01-05T23:00:00,97.5988,98.5591,97.5988,98.5591,12387.0
2026-01-06T00:00:00,98.5591,98.5591,97.5477,97.7289,12985.9
2026-01-06T01:00:00,97.7289,98.1842,97.7289,98.0426,16721.7
2026-01-06T02:00:00,98.0426,99.0236,97.8501,98.9525,20449.1
2026-01-06T03:00:00,98.9525,99.8397,98.9525,99.7960,22395.7
2026-01-06T04:00:00,99.7960,100.4174,99.6982,100.4174,21346.3
2026-01-06T05:00:00,100.4174,100.8413,99.9887,100.2727,22074.5
2026-01-06T06:00:00,100.2727,100.7318,99.8214,100.3986,30173.9
2026-01-06T07:00:00,100.3986,100.8809,100.1289,100.3515,29226.4
2026-01-06T08:00:00,100.3515,100.4563,99.7258,100.4563,42777.3
2026-01-06T09:00:00,100.4563,101.3859,100.4508,101.2867,28702.1
2026-01-06T10:00:00,101.2867,101.5707,101.1269,101.5181,31013.7
2026-01-06T11:00:00,101.5181,102.4906,101.3355,102.0075,30252.9
2026-01-06T12:00:00,102.0075,102.9332,102.0075,102.6361,54568.8
2026-01-06T13:00:00,102.6361,103.2705,102.4526,102.4526,30677.4
2026-01-06T14:00:00,102.4526,102.6351,102.0824,102.0824,47899.5
2026-01-06T15:00:00,102.0824,102.3887,101.3535,101.4088,53897.4
2026-01-06T16:00:00,101.4088,101.7357,100.4124,100.4124,35317.5
2026-01-06T17:00:00,100.4124,100.4124,98.7965,98.8559,37827.4
2026-01-06T18:00:00,98.8559,98.8984,97.8139,97.8139,15529.4
2026-01-06T19:00:00,97.8139,97.8139,96.9447,97.3906,16126.0
2026-01-06T20:00:00,97.3906,97.7389,96.3750,96.3750,9329.1
2026-01-06T21:00:00,96.3750,97.0702,96.3750,96.6251,9784.3
2026-01-06T22:00:00,96.6251,97.1318,96.5292,97.0450,8485.2
2026-01-06T23:00:00,97.0450,97.9436,97.0450,97.5772,7990.7
2026-01-07T00:00:00,97.5772,98.2584,97.5772,98.2584,14854.2
2026-01-07T01:00:00,98.2584,99.4165,98.1096,99.4165,17532.1
2026-01-07T02:00:00,99.4165,100.0867,99.4165,99.8103,16841.0
2026-01-07T03:00:00,99.8103,100.8351,99.8103,100.4561,20295.1
2026-01-07T04:00:00,100.4561,101.0146,100.2213,101.0146,18305.0
2026-01-07T05:00:00,101.0146,101.8935,101.0146,101.0952,25005.2
2026-01-07T06:00:00,101.0952,101.5375,100.8146,101.3586,44103.7
2026-01-07T07:00:00,101.3586,101.7828,101.1211,101.3477,24313.1
2026-01-07T08:00:00,101.3477,101.7386,101.0820,101.6686,33506.7
2026-01-07T09:00:00,101.6686,102.3355,101.2450,102.3355,29652.2
2026-01-07T10:00:00,102.3355,102.4057,101.6478,102.3394,40284.3
2026-01-07T11:00:00,102.3394,103.3168,102.3394,102.6686,41028.0
2026-01-07T12:00:00,102.6686,102.7809,101.9405,102.6382,36534.4
2026-01-07T13:00:00,102.6382,102.6382,102.0579,102.5622,26988.7
2026-01-07T14:00:00,102.5622,102.5622,101.2988,101.7007,37757.1
2026-01-07T15:00:00,101.7007,101.8315,100.5145,100.7365,52461.0
2026-01-07T16:00:00,100.7365,101.0257,99.5959,99.6347,34873.3
2026-01-07T17:00:00,99.6347,99.6347,98.7458,98.7458,35116.9
2026-01-07T18:00:00,98.7458,98.7458,97.7263,97.9352,21807.9
2026-01-07T19:00:00,97.9352,98.3114,96.5430,96.5430,12707.8
2026-01-07T20:00:00,96.5430,96.5430,95.4971,95.7666,14400.7
2026-01-07T21:00:00,95.7666,96.2189,95.7609,95.9176,10019.8
2026-01-07T22:00:00,95.9176,95.9176,95.4479,95.6670,7360.4
2026-01-07T23:00:00,95.6670,96.3215,94.7675,96.3215,8820.2
2026-01-08T00:00:00,96.3215,96.7672,96.3215,96.7672,12632.8
2026-01-08T01:00:00,96.7672,98.3959,96.5480,98.2048,14625.0
2026-01-08T02:00:00,98.2048,99.2930,98.2048,99.2930,21606.6
2026-01-08T03:00:00,99.2930,100.2506,99.1784,99.8105,21487.1
2026-01-08T04:00:00,99.8105,100.8026,99.8105,100.0831,14737.6
2026-01-08T05:00:00,100.0831,100.7083,100.0459,100.2037,25335.9
2026-01-08T06:00:00,100.2037,100.7904,100.2037,100.7904,25137.1
2026-01-08T07:00:00,100.7904,101.2951,100.2764,100.6725,23894.1
2026-01-08T08:00:00,100.6725,100.7854,100.3033,100.7023,32552.3
2026-01-08T09:00:00,100.7023,101.3815,100.7023,101.0762,29334.1
2026-01-08T10:00:00,101.0762,101.3651,100.4335,101.3651,39020.0
2026-01-08T11:00:00,101.3651,102.0001,100.8211,101.6265,47052.6
2026-01-08T12:00:00,101.6265,102.2271,101.4595,101.4595,40151.0
2026-01-08T13:00:00,101.4595,101.5258,100.5980,101.4329,28299.0
2026-01-08T14:00:00,101.4329,101.8748,100.9070,100.9070,35056.6
2026-01-08T15:00:00,100.9070,101.2702,100.5506,100.5506,46864.5
2026-01-08T16:00:00,100.5506,101.0729,99.6780,99.6780,34132.6
2026-01-08T17:00:00,99.6780,99.8918,98.4231,98.4231,26508.2
2026-01-08T18:00:00,98.4231,98.4231,96.9211,97.4434,24105.1
2026-01-08T19:00:00,97.4434,97.5056,95.8029,96.3621,20751.8
2026-01-08T20:00:00,96.3621,96.8077,95.9761,96.1123,13256.9
2026-01-08T21:00:00,96.1123,97.0696,95.9480,95.9480,10775.4
2026-01-08T22:00:00,95.9480,96.6339,95.9480,96.4182,7121.0
2026-01-08T23:00:00,96.4182,96.6480,95.8322,96.6480,8673.5
2026-01-09T00:00:00,96.6480,97.1082,96.5781,96.5781,10859.0
2026-01-09T01:00:00,96.5781,96.9769,95.9712,96.9769,15170.8
2026-01-09T02:00:00,96.9769,97.4654,96.9124,97.2279,11837.4
2026-01-09T03:00:00,97.2279,98.1406,97.2279,97.8851,21633.1
2026-01-09T04:00:00,97.8851,98.3699,97.4524,98.1083,18322.4
2026-01-09T05:00:00,98.1083,98.7523,97.7752,98.4860,36229.2
2026-01-09T06:00:00,98.4860,99.3854,98.4860,99.3854,41296.7
2026-01-09T07:00:00,99.3854,99.9270,99.1894,99.1894,41641.0
2026-01-09T08:00:00,99.1894,99.2774,98.6801,99.1767,35543.7
2026-01-09T09:00:00,99.1767,99.6835,99.1767,99.5638,29425.6
2026-01-09T10:00:00,99.5638,100.1081,99.4217,100.1081,43761.5
2026-01-09T11:00:00,100.1081,100.4001,99.7447,100.4001,35648.5
2026-01-09T12:00:00,100.4001,100.8706,100.4001,100.5492,44432.1
2026-01-09T13:00:00,100.5492,100.9961,100.5201,100.7312,33045.4
2026-01-09T14:00:00,100.7312,100.7312,100.0784,100.4676,35402.7
2026-01-09T15:00:00,100.4676,100.4676,99.3245,99.3245,45488.2
2026-01-09T16:00:00,99.3245,99.3245,98.1686,98.2558,54068.1
2026-01-09T17:00:00,98.2558,98.2558,97.0891,97.0891,31265.7
2026-01-09T18:00:00,97.0891,97.0891,95.6357,95.6357,41852.6
2026-01-09T19:00:00,95.6357,95.6357,94.7748,94.8646,33051.1
2026-01-09T20:00:00,94.8646,95.1138,94.1095,94.1095,9940.7
2026-01-09T21:00:00,94.1095,94.3817,93.8378,94.3817,9414.1
2026-01-09T22:00:00,94.3817,94.8718,94.3723,94.8042,6907.6
2026-01-09T23:00:00,94.8042,95.8923,94.8042,95.5355,9358.9
2026-01-10T00:00:00,95.5355,97.2791,95.4749,97.2791,11808.8
2026-01-10T01:00:00,97.2791,98.2260,97.1901,98.2260,15762.4
2026-01-10T02:00:00,98.2260,98.5216,97.9846,98.4689,23026.6
2026-01-10T03:00:00,98.4689,98.8508,98.1133,98.8508,27280.1
2026-01-10T04:00:00,98.8508,99.7857,98.8508,99.4955,26946.8
2026-01-10T05:00:00,99.4955,99.8298,99.0928,99.1080,26833.1
2026-01-10T06:00:00,99.1080,99.6338,98.5704,99.6338,29282.0
2026-01-10T07:00:00,99.6338,99.7981,98.9387,99.2665,30180.2
2026-01-10T08:00:00,99.2665,100.1125,98.9910,99.8378,35501.1
2026-01-10T09:00:00,99.8378,100.0894,99.1317,99.9535,31990.3
2026-01-10T10:00:00,99.9535,101.0461,99.9535,100.6936,40315.4
2026-01-10T11:00:00,100.6936,101.1615,100.5857,101.1615,28457.8
2026-01-10T12:00:00,101.1615,101.4581,100.8240,100.9315,46587.9
2026-01-10T13:00:00,100.9315,101.7080,100.9315,101.3951,60298.9
2026-01-10T14:00:00,101.3951,101.5638,101.0611,101.4931,41289.7
2026-01-10T15:00:00,101.4931,101.4931,100.6490,100.6632,29458.1
2026-01-10T16:00:00,100.6632,100.7138,99.4864,99.4864,49757.0
2026-01-10T17:00:00,99.4864,99.8598,98.2255,98.2255,29479.5
2026-01-10T18:00:00,98.2255,98.2255,96.7726,96.7726,13372.0
2026-01-10T19:00:00,96.7726,96.9266,96.2409,96.2409,16947.3
2026-01-10T20:00:00,96.2409,96.2409,95.5271,95.5271,14930.3
2026-01-10T21:00:00,95.5271,95.6000,95.3736,95.4391,10125.8
2026-01-10T22:00:00,95.4391,95.5639,95.2057,95.5639,10833.6
2026-01-10T23:00:00,95.5639,96.1231,95.5010,96.1231,10878.0
2026-01-11T00:00:00,96.1231,99.5963,96.1231,99.5963,15476.4
2026-01-11T01:00:00,99.5963,101.1012,99.5963,101.1012,10870.5
2026-01-11T02:00:00,101.1012,102.0357,100.7151,101.9678,15443.9
2026-01-11T03:00:00,101.9678,102.9820,101.9678,102.9820,24356.2
2026-01-11T04:00:00,102.9820,103.3797,102.3368,103.3797,28865.8
2026-01-11T05:00:00,103.3797,103.5912,103.0978,103.3310,20819.5
2026-01-11T06:00:00,103.3310,103.7759,103.1583,103.3205,23881.1
2026-01-11T07:00:00,103.3205,104.0247,103.2398,103.2398,31715.9
2026-01-11T08:00:00,103.2398,103.8575,103.0287,103.4518,20039.4
2026-01-11T09:00:00,103.4518,103.6474,103.1552,103.6474,21067.5
2026-01-11T10:00:00,103.6474,104.2531,103.1870,103.9637,33137.9
2026-01-11T11:00:00,103.9637,104.8794,103.8158,103.9154,38550.8
2026-01-11T12:00:00,103.9154,103.9678,103.2969,103.9678,34792.0
2026-01-11T13:00:00,103.9678,104.5864,103.7641,104.5864,25332.2
2026-01-11T14:00:00,104.5864,105.2192,103.9680,103.9680,41662.4
2026-01-11T15:00:00,103.9680,104.7309,102.8777,102.8777,30603.1
2026-01-11T16:00:00,102.8777,102.9837,101.9920,101.9920,41698.2
2026-01-11T17:00:00,101.9920,102.1037,100.9762,101.2787,29558.9
2026-01-11T18:00:00,101.2787,101.2898,99.5668,99.6197,27497.8
2026-01-11T19:00:00,99.6197,99.6197,98.6258,98.6731,21150.9
2026-01-11T20:00:00,98.6731,98.6731,97.3929,97.9828,11632.6
2026-01-11T21:00:00,97.9828,98.0552,97.4217,97.4217,11636.5
2026-01-11T22:00:00,97.4217,98.1573,97.4217,98.1573,11445.7
2026-01-11T23:00:00,98.1573,98.9673,97.9008,98.9673,10575.4
2026-01-12T00:00:00,98.9673,100.5156,98.9673,100.5156,17385.1
2026-01-12T01:00:00,100.5156,101.5205,100.1146,101.3297,13781.4
2026-01-12T02:00:00,101.3297,102.6345,101.3297,102.4457,24517.7
2026-01-12T03:00:00,102.4457,103.0460,102.3036,102.9811,23882.7
2026-01-12T04:00:00,102.9811,103.5559,102.7593,103.4084,20150.1
2026-01-12T05:00:00,103.4084,103.4084,102.8542,103.3001,25733.6
2026-01-12T06:00:00,103.3001,103.3197,102.8635,103.0814,24756.7
2026-01-12T07:00:00,103.0814,104.2591,102.7725,103.7428,26668.5
2026-01-12T08:00:00,103.7428,104.1219,103.2263,103.7956,30532.2
2026-01-12T09:00:00,103.7956,104.5539,103.7956,104.2476,41446.6
2026-01-12T10:00:00,104.2476,104.6525,103.9788,104.6525,32756.7
2026-01-12T11:00:00,104.6525,105.4114,104.6334,104.9036,38156.8
2026-01-12T12:00:00,104.9036,105.2285,104.7507,105.0003,28161.2
2026-01-12T13:00:00,105.0003,105.7178,105.0003,105.2166,41316.6
2026-01-12T14:00:00,105.2166,105.2166,104.1981,104.7125,52796.4
2026-01-12T15:00:00,104.7125,104.7125,103.5763,103.8920,47691.6
2026-01-12T16:00:00,103.8920,104.2952,102.8334,102.8334,40650.3
2026-01-12T17:00:00,102.8334,102.9524,102.0016,102.0016,27200.3
2026-01-12T18:00:00,102.0016,102.0016,100.9973,100.9973,19909.8
2026-01-12T19:00:00,100.9973,100.9973,99.6026,100.1131,17914.2
2026-01-12T20:00:00,100.1131,100.3728,99.3112,99.3112,9833.9
2026-01-12T21:00:00,99.3112,99.3112,98.6658,98.7537,7422.5
2026-01-12T22:00:00,98.7537,99.6954,98.5462,99.4568,10684.5
2026-01-12T23:00:00,99.4568,100.6280,99.4568,100.4895,8085.8
2026-01-13T00:00:00,100.4895,100.4895,99.0414,99.4459,18477.0
2026-01-13T01:00:00,99.4459,100.9833,99.4459,100.5601,11871.6
2026-01-13T02:00:00,100.5601,101.6217,100.5601,101.6217,21979.5
2026-01-13T03:00:00,101.6217,102.8459,101.6217,102.4548,17895.1
2026-01-13T04:00:00,102.4548,103.2463,102.4548,103.0404,26302.8
2026-01-13T05:00:00,103.0404,103.5619,102.9349,102.9349,20867.2
2026-01-13T06:00:00,102.9349,103.9892,102.9349,103.4044,28639.0
2026-01-13T07:00:00,103.4044,103.4044,102.8341,102.9021,28696.1
2026-01-13T08:00:00,102.9021,103.2753,102.5249,103.2592,27875.5
2026-01-13T09:00:00,103.2592,103.7609,103.2592,103.5853,36393.3
2026-01-13T10:00:00,103.5853,104.3393,103.5853,104.1158,49291.6
2026-01-13T11:00:00,104.1158,104.9496,103.8840,104.9496,34252.0
2026-01-13T12:00:00,104.9496,106.6866,104.5945,105.4409,48585.9
2026-01-13T13:00:00,105.4409,105.4409,104.5216,104.7292,42831.6
2026-01-13T14:00:00,104.7292,104.7292,103.4514,103.5674,43032.9
2026-01-13T15:00:00,103.5674,103.5674,102.9692,102.9692,63342.8
2026-01-13T16:00:00,102.9692,102.9692,101.3476,101.4487,23715.1
2026-01-13T17:00:00,101.4487,101.5379,100.1793,100.1793,27286.0
2026-01-13T18:00:00,100.1793,100.2544,99.2102,99.2394,16528.9
2026-01-13T19:00:00,99.2394,99.2394,97.7079,97.7244,18014.8
2026-01-13T20:00:00,97.7244,98.2358,96.3432,96.5418,12954.3
2026-01-13T21:00:00,96.5418,96.8274,96.5073,96.6401,21400.0
2026-01-13T22:00:00,96.6401,97.0918,96.6106,97.0918,9190.4
2026-01-13T23:00:00,97.0918,98.2469,97.0918,97.7988,14232.0
2026-01-14T00:00:00,97.7988,97.8917,96.8712,97.8917,15285.6
2026-01-14T01:00:00,97.8917,98.9821,97.8917,98.6420,14300.7
2026-01-14T02:00:00,98.6420,99.0999,98.3250,99.0999,21142.8
2026-01-14T03:00:00,99.0999,99.8226,98.7239,99.8226,32980.0
2026-01-14T04:00:00,99.8226,100.0287,99.6969,100.0287,25475.6
2026-01-14T05:00:00,100.0287,100.6727,99.8392,99.8392,27605.1
2026-01-14T06:00:00,99.8392,100.6838,99.8392,100.2767,31622.4
2026-01-14T07:00:00,100.2767,101.1614,100.2767,100.4775,20859.8
2026-01-14T08:00:00,100.4775,100.8925,99.8595,100.8925,25913.0
2026-01-14T09:00:00,100.8925,101.1877,100.3884,100.9359,34193.0
2026-01-14T10:00:00,100.9359,101.3438,100.8876,101.1997,39098.4
2026-01-14T11:00:00,101.1997,101.6386,101.0611,101.3537,30159.1
2026-01-14T12:00:00,101.3537,101.6379,101.2756,101.4289,36071.1
2026-01-14T13:00:00,101.4289,102.0223,101.4289,101.6039,39179.6
2026-01-14T14:00:00,101.6039,101.6039,100.9954,101.0731,39874.8
2026-01-14T15:00:00,101.0731,101.5750,100.5611,100.5611,45402.0
2026-01-14T16:00:00,100.5611,100.5611,99.4789,99.7148,36955.2
2026-01-14T17:00:00,99.7148,99.8051,99.2292,99.2292,30761.8
2026-01-14T18:00:00,99.2292,99.2292,97.5837,97.6093,19060.1
2026-01-14T19:00:00,97.6093,97.7408,96.7755,97.0073,14211.1
2026-01-14T20:00:00,97.0073,97.2067,96.4365,96.4365,13858.6
2026-01-14T21:00:00,96.4365,96.6046,96.2359,96.3471,6580.4
2026-01-14T22:00:00,96.3471,96.6141,95.7001,96.2587,8741.8
2026-01-14T23:00:00,96.2587,96.8916,95.8362,96.8916,8278.3
2026-01-15T00:00:00,96.8916,97.7112,96.8916,97.5788,10169.9
2026-01-15T01:00:00,97.5788,98.5476,97.5788,98.5476,18461.0
2026-01-15T02:00:00,98.5476,99.6410,98.5476,99.4558,17066.1
2026-01-15T03:00:00,99.4558,100.3913,99.4558,100.0216,18740.3
2026-01-15T04:00:00,100.0216,101.5528,99.9430,100.8143,22244.0
2026-01-15T05:00:00,100.8143,101.0115,100.6043,100.9661,26594.3
2026-01-15T06:00:00,100.9661,100.9661,99.7924,100.3068,52540.3
2026-01-15T07:00:00,100.3068,100.3549,99.8055,100.2312,18013.8
2026-01-15T08:00:00,100.2312,100.4498,99.3582,99.8481,30687.4
2026-01-15T09:00:00,99.8481,100.1583,99.0996,99.2462,31622.7
2026-01-15T10:00:00,99.2462,99.7128,98.9393,99.7128,43459.1
2026-01-15T11:00:00,99.7128,100.7726,99.7128,100.7515,36602.9
2026-01-15T12:00:00,100.7515,101.3203,100.5977,101.1421,23166.6
2026-01-15T13:00:00,101.1421,101.1421,100.3011,100.8442,54255.9
2026-01-15T14:00:00,100.8442,100.8442,100.3024,100.3024,32472.0
2026-01-15T15:00:00,100.3024,100.3024,99.5858,100.0798,37516.3
2026-01-15T16:00:00,100.0798,100.0798,99.1775,99.1775,26871.5
2026-01-15T17:00:00,99.1775,99.1775,98.0105,98.0782,24575.8
2026-01-15T18:00:00,98.0782,98.0972,96.9826,96.9826,22286.6
2026-01-15T19:00:00,96.9826,96.9826,95.7836,96.1427,21984.4
2026-01-15T20:00:00,96.1427,96.3118,95.4538,95.9048,15049.3
2026-01-15T21:00:00,95.9048,95.9974,95.1470,95.9974,8162.3
2026-01-15T22:00:00,95.9974,96.8234,95.7635,96.4041,9451.5
2026-01-15T23:00:00,96.4041,96.9154,96.2797,96.7695,8589.9
2026-01-16T00:00:00,96.7695,96.8015,96.3344,96.7903,11696.7
2026-01-16T01:00:00,96.7903,97.5300,96.1250,97.5300,16236.2
2026-01-16T02:00:00,97.5300,98.8347,97.4900,98.7460,23209.1
2026-01-16T03:00:00,98.7460,99.4647,98.7460,98.9499,19104.8
2026-01-16T04:00:00,98.9499,99.3256,98.5669,99.3256,24127.8
2026-01-16T05:00:00,99.3256,99.8300,99.2799,99.5400,27644.6
2026-01-16T06:00:00,99.5400,99.5400,99.0263,99.2186,28533.5
2026-01-16T07:00:00,99.2186,99.9176,98.9116,99.9176,25325.0
2026-01-16T08:00:00,99.9176,100.5296,99.2024,100.5296,45696.3
2026-01-16T09:00:00,100.5296,100.6365,100.1640,100.5745,28641.2
2026-01-16T10:00:00,100.5745,101.1309,100.5411,101.1309,41875.2
2026-01-16T11:00:00,101.1309,101.7222,100.9939,101.5214,39193.1
2026-01-16T12:00:00,101.5214,101.8385,100.6855,100.7944,53285.8
2026-01-16T13:00:00,100.7944,101.0211,100.4685,100.8557,24637.7
2026-01-16T14:00:00,100.8557,100.8557,100.1563,100.4465,63659.9
2026-01-16T15:00:00,100.4465,100.4465,99.5193,99.7208,37824.9
2026-01-16T16:00:00,99.7208,99.9943,98.3364,98.3364,28764.1
2026-01-16T17:00:00,98.3364,98.3880,97.0270,97.1200,32397.8
2026-01-16T18:00:00,97.1200,97.1200,95.7272,95.9869,40784.5
2026-01-16T19:00:00,95.9869,96.4358,95.5034,95.5034,19709.5
2026-01-16T20:00:00,95.5034,95.6251,94.9554,95.0719,9721.9
2026-01-16T21:00:00,95.0719,95.5114,94.9541,94.9697,8402.2
2026-01-16T22:00:00,94.9697,96.4146,94.9697,95.7766,11740.3
2026-01-16T23:00:00,95.7766,96.7735,95.7766,96.2356,6905.9
2026-01-17T00:00:00,96.2356,98.2024,96.2356,98.0126,12737.9
2026-01-17T01:00:00,98.0126,98.6335,98.0126,98.3847,14226.0
2026-01-17T02:00:00,98.3847,99.7964,98.3847,99.7964,32997.5
2026-01-17T03:00:00,99.7964,101.2677,99.7964,100.7278,21787.4
2026-01-17T04:00:00,100.7278,101.3571,100.1260,101.3571,33759.2
2026-01-17T05:00:00,101.3571,101.6659,101.2546,101.6659,22884.1
2026-01-17T06:00:00,101.6659,102.0042,101.6395,101.6613,22792.3
2026-01-17T07:00:00,101.6613,101.8445,101.2024,101.6971,35391.1
2026-01-17T08:00:00,101.6971,101.7046,100.7924,101.6678,34122.9
2026-01-17T09:00:00,101.6678,101.9489,101.2744,101.7958,21850.9
2026-01-17T10:00:00,101.7958,102.6626,101.7480,102.1107,39929.5
2026-01-17T11:00:00,102.1107,102.8986,102.1107,102.8986,44543.4
2026-01-17T12:00:00,102.8986,103.1690,102.4838,103.1690,34275.1
2026-01-17T13:00:00,103.1690,103.3418,102.4951,102.9543,42188.4
2026-01-17T14:00:00,102.9543,102.9543,101.8070,102.2310,44209.3
2026-01-17T15:00:00,102.2310,102.2310,101.1674,101.1674,36574.1
2026-01-17T16:00:00,101.1674,101.1674,100.1296,100.5757,30961.5
2026-01-17T17:00:00,100.5757,100.7054,99.4199,99.4199,26986.2
2026-01-17T18:00:00,99.4199,99.7336,97.9473,98.1683,23628.4
2026-01-17T19:00:00,98.1683,98.2446,97.0281,97.0410,13927.2
2026-01-17T20:00:00,97.0410,97.2289,96.0921,96.0921,13175.8
2026-01-17T21:00:00,96.0921,96.7973,95.7893,95.9759,6709.7
2026-01-17T22:00:00,95.9759,96.8426,95.9176,96.5964,8756.4
2026-01-17T23:00:00,96.5964,97.1756,96.4685,97.1451,9278.2
2026-01-18T00:00:00,97.1451,100.9041,97.1451,100.9041,12164.5
2026-01-18T01:00:00,100.9041,101.9610,100.5255,101.8193,19098.4
2026-01-18T02:00:00,101.8193,103.0405,101.6712,102.7373,30029.8
2026-01-18T03:00:00,102.7373,103.3005,102.4347,102.8652,28927.5
2026-01-18T04:00:00,102.8652,103.2573,102.5790,103.2573,18395.8
2026-01-18T05:00:00,103.2573,103.5541,102.9054,103.2337,34161.9
2026-01-18T06:00:00,103.2337,104.2042,103.1273,103.6987,29618.2
2026-01-18T07:00:00,103.6987,103.8629,103.2390,103.5559,28330.1
2026-01-18T08:00:00,103.5559,104.1440,103.4648,103.9743,27009.6
2026-01-18T09:00:00,103.9743,104.7938,103.9743,104.7938,33677.9
2026-01-18T10:00:00,104.7938,105.0090,104.3627,105.0090,46561.4
2026-01-18T11:00:00,105.0090,105.4771,104.4662,105.1361,41185.3
2026-01-18T12:00:00,105.1361,105.4520,104.7022,105.4152,35791.8
2026-01-18T13:00:00,105.4152,105.4385,105.1798,105.3399,34292.1
2026-01-18T14:00:00,105.3399,105.3399,104.2503,104.5654,38143.9
2026-01-18T15:00:00,104.5654,104.5654,103.4670,103.9494,44473.5
2026-01-18T16:00:00,103.9494,103.9494,103.1609,103.5201,52072.7
2026-01-18T17:00:00,103.5201,103.5201,101.9992,102.0970,25251.9
2026-01-18T18:00:00,102.0970,102.2132,100.7732,100.7732,25125.4
2026-01-18T19:00:00,100.7732,100.7732,99.4470,99.4470,17347.5
2026-01-18T20:00:00,99.4470,99.4470,98.8957,99.0023,10779.0
2026-01-18T21:00:00,99.0023,99.2218,98.5125,98.5125,10479.5
2026-01-18T22:00:00,98.5125,99.2690,98.5125,98.5773,9233.4
2026-01-18T23:00:00,98.5773,99.8051,98.5773,99.8051,7332.1
2026-01-19T00:00:00,99.8051,100.9903,99.8051,100.9903,10028.4
2026-01-19T01:00:00,100.9903,102.4000,100.9772,102.4000,21394.1
2026-01-19T02:00:00,102.4000,103.8196,101.9465,103.7911,21865.6
2026-01-19T03:00:00,103.7911,104.4710,103.3767,104.4710,25400.6
2026-01-19T04:00:00,104.4710,105.2707,104.3193,104.9890,22438.3
2026-01-19T05:00:00,104.9890,105.7487,104.8959,105.7487,25291.9
2026-01-19T06:00:00,105.7487,105.7845,105.2086,105.5850,30405.6
2026-01-19T07:00:00,105.5850,105.9223,105.2933,105.3164,25974.4
2026-01-19T08:00:00,105.3164,105.5175,104.5889,104.9255,24077.1
2026-01-19T09:00:00,104.9255,105.9276,104.9255,105.2005,32239.2
2026-01-19T10:00:00,105.2005,106.0489,104.7878,106.0489,44087.5
2026-01-19T11:00:00,106.0489,106.6456,105.8739,106.6456,30349.3
2026-01-19T12:00:00,106.6456,106.7363,105.8342,106.4128,49125.4
2026-01-19T13:00:00,106.4128,106.4128,105.3992,105.9903,47600.1
2026-01-19T14:00:00,105.9903,106.0520,105.0486,105.3681,34169.4
2026-01-19T15:00:00,105.3681,105.6650,104.3194,104.6610,39462.1
2026-01-19T16:00:00,104.6610,104.6610,103.4732,103.4732,36492.3
2026-01-19T17:00:00,103.4732,103.4732,102.1750,102.2921,35830.6
2026-01-19T18:00:00,102.2921,102.2921,100.8703,101.1798,28568.6
2026-01-19T19:00:00,101.1798,101.3187,99.9396,100.1092,13907.0
2026-01-19T20:00:00,100.1092,100.1657,99.5328,99.5328,9576.6
2026-01-19T21:00:00,99.5328,99.6004,98.8009,99.5059,11537.4
2026-01-19T22:00:00,99.5059,99.9011,99.1676,99.8361,8590.2
2026-01-19T23:00:00,99.8361,100.7290,99.8361,100.7290,10633.5
2026-01-20T00:00:00,100.7290,100.7324,100.2539,100.3522,12634.3
2026-01-20T01:00:00,100.3522,101.8274,100.2641,101.4236,22417.3
2026-01-20T02:00:00,101.4236,102.1943,101.1028,102.1943,14940.9
2026-01-20T03:00:00,102.1943,102.7520,101.9913,102.1852,27167.0
2026-01-20T04:00:00,102.1852,102.6922,101.8755,102.6922,20944.9
2026-01-20T05:00:00,102.6922,103.2257,102.2072,102.2072,31526.5
2026-01-20T06:00:00,102.2072,102.2072,101.4583,101.8782,37388.9
2026-01-20T07:00:00,101.8782,102.4207,101.5614,102.3401,21795.5
2026-01-20T08:00:00,102.3401,102.7833,101.6790,102.7833,33660.1
2026-01-20T09:00:00,102.7833,103.3814,102.7833,103.0228,30272.6
2026-01-20T10:00:00,103.0228,103.9722,102.8366,102.8366,32199.4
2026-01-20T11:00:00,102.8366,103.4361,102.8366,103.1553,37525.0
2026-01-20T12:00:00,103.1553,103.3282,102.7895,103.2328,30638.6
2026-01-20T13:00:00,103.2328,104.0593,103.2120,103.4892,32688.8
2026-01-20T14:00:00,103.4892,104.4500,103.4892,103.8758,46712.4
2026-01-20T15:00:00,103.8758,103.8758,102.9006,103.0954,47681.7
2026-01-20T16:00:00,103.0954,103.0954,101.6271,101.6920,33156.2
2026-01-20T17:00:00,101.6920,101.6920,99.6043,100.0733,23584.7
2026-01-20T18:00:00,100.0733,100.0733,98.8476,98.9235,41104.1
2026-01-20T19:00:00,98.9235,99.2434,97.8297,97.9730,23274.6
2026-01-20T20:00:00,97.9730,98.2192,97.1073,97.1073,14260.7
2026-01-20T21:00:00,97.1073,97.8388,96.8622,97.1394,7372.9
2026-01-20T22:00:00,97.1394,97.3165,96.9944,97.2078,7215.6
2026-01-20T23:00:00,97.2078,98.3835,97.2078,98.3835,10501.5
2026-01-21T00:00:00,98.3835,98.9872,98.2687,98.7758,9553.4
2026-01-21T01:00:00,98.7758,100.0873,98.7758,100.0873,23231.1
2026-01-21T02:00:00,100.0873,100.8057,99.8488,100.7408,19841.0
2026-01-21T03:00:00,100.7408,101.5231,100.4565,101.5231,24941.8
2026-01-21T04:00:00,101.5231,101.8925,101.2894,101.8253,19675.8
2026-01-21T05:00:00,101.8253,101.9852,101.0442,101.8471,21228.7
2026-01-21T06:00:00,101.8471,102.2448,101.5975,101.7932,22970.6
2026-01-21T07:00:00,101.7932,101.7932,100.6190,101.4399,30992.3
2026-01-21T08:00:00,101.4399,101.8893,101.1820,101.1820,28657.7
2026-01-21T09:00:00,101.1820,101.8239,100.9095,101.8239,31265.1
2026-01-21T10:00:00,101.8239,102.2483,101.7745,102.1775,37270.3
2026-01-21T11:00:00,102.1775,103.0708,101.9143,102.6539,39573.8
2026-01-21T12:00:00,102.6539,103.2307,102.5946,103.2291,55450.9
2026-01-21T13:00:00,103.2291,103.2548,102.3970,102.5786,39937.6
2026-01-21T14:00:00,102.5786,102.5786,101.6503,101.9658,33136.4
2026-01-21T15:00:00,101.9658,101.9658,100.9564,101.3255,39156.1
2026-01-21T16:00:00,101.3255,101.4005,100.2909,100.4422,49488.4
2026-01-21T17:00:00,100.4422,100.4422,98.7175,99.1450,28022.0
2026-01-21T18:00:00,99.1450,99.1450,98.1537,98.3548,24370.8
2026-01-21T19:00:00,98.3548,98.3548,97.4900,97.4900,16841.7
2026-01-21T20:00:00,97.4900,98.0064,96.5581,96.5581,14485.3
2026-01-21T21:00:00,96.5581,96.5581,95.9670,96.2256,10025.9
2026-01-21T22:00:00,96.2256,97.1773,96.1680,96.9078,7261.8
2026-01-21T23:00:00,96.9078,97.7992,96.9078,97.7992,9261.4
2026-01-22T00:00:00,97.7992,97.7992,97.1135,97.5935,14200.6
2026-01-22T01:00:00,97.5935,99.0708,97.5935,99.0708,21094.0
2026-01-22T02:00:00,99.0708,100.1588,99.0708,100.1340,24355.3
2026-01-22T03:00:00,100.1340,101.2391,100.1340,101.1948,28258.7
2026-01-22T04:00:00,101.1948,101.4968,100.8310,101.3900,22688.4
2026-01-22T05:00:00,101.3900,102.1402,101.3670,101.4324,23944.6
2026-01-22T06:00:00,101.4324,101.4324,101.1112,101.1112,34130.6
2026-01-22T07:00:00,101.1112,102.1264,100.9058,102.0302,23751.5
2026-01-22T08:00:00,102.0302,102.1191,101.4422,102.0309,29316.2
2026-01-22T09:00:00,102.0309,103.2716,102.0309,102.7475,22407.1
2026-01-22T10:00:00,102.7475,103.7826,102.6748,102.7526,31111.8
2026-01-22T11:00:00,102.7526,103.7006,102.7343,103.0617,31892.7
2026-01-22T12:00:00,103.0617,103.0617,102.3031,102.6282,30607.1
2026-01-22T13:00:00,102.6282,102.6282,101.8243,102.4357,45467.3
2026-01-22T14:00:00,102.4357,102.4357,101.3435,102.3504,33666.0
2026-01-22T15:00:00,102.3504,102.3504,101.1207,101.1207,38053.4
2026-01-22T16:00:00,101.1207,101.6192,100.3052,100.4163,33582.2
2026-01-22T17:00:00,100.4163,100.4163,99.2723,99.2810,26599.3
2026-01-22T18:00:00,99.2810,99.3790,97.7519,97.7519,34874.8
2026-01-22T19:00:00,97.7519,97.8932,96.6880,96.6880,16647.8
2026-01-22T20:00:00,96.6880,96.8091,96.0396,96.0396,13518.5
2026-01-22T21:00:00,96.0396,96.8677,95.8264,95.9849,6972.1
2026-01-22T22:00:00,95.9849,96.7508,95.9849,96.2182,7509.9
2026-01-22T23:00:00,96.2182,96.9925,96.1604,96.7326,8787.0
2026-01-23T00:00:00,96.7326,97.0841,96.2259,96.5631,10806.3
2026-01-23T01:00:00,96.5631,97.4723,96.5631,97.2836,13786.3
2026-01-23T02:00:00,97.2836,97.9965,97.2836,97.8403,19736.8
2026-01-23T03:00:00,97.8403,98.6626,97.8093,98.6117,32116.4
2026-01-23T04:00:00,98.6117,99.4217,98.4772,99.4160,25000.3
2026-01-23T05:00:00,99.4160,99.8795,99.1922,99.1922,25558.8
2026-01-23T06:00:00,99.1922,99.6865,99.1922,99.4001,25417.7
2026-01-23T07:00:00,99.4001,99.4001,98.2623,99.3765,49079.7
2026-01-23T08:00:00,99.3765,99.9219,98.9495,99.3422,42205.0
2026-01-23T09:00:00,99.3422,100.1464,99.1230,100.0312,37750.6
2026-01-23T10:00:00,100.0312,100.3053,99.5714,100.3053,40285.1
2026-01-23T11:00:00,100.3053,101.2295,99.9602,101.2295,33603.4
2026-01-23T12:00:00,101.2295,101.5179,101.1436,101.1963,37145.9
2026-01-23T13:00:00,101.1963,101.4823,100.8912,101.3052,41690.9
2026-01-23T14:00:00,101.3052,101.6593,100.8371,100.8371,41888.6
2026-01-23T15:00:00,100.8371,100.8371,99.8451,99.8451,33640.0
2026-01-23T16:00:00,99.8451,99.8451,99.0258,99.0258,30330.2
2026-01-23T17:00:00,99.0258,99.0258,97.7986,97.7986,35185.2
2026-01-23T18:00:00,97.7986,98.1860,96.8621,96.8621,26161.9
2026-01-23T19:00:00,96.8621,96.8621,95.9284,95.9284,11634.7
2026-01-23T20:00:00,95.9284,95.9284,95.0588,95.0588,13486.8
2026-01-23T21:00:00,95.0588,95.0774,94.4062,94.9849,12193.7
2026-01-23T22:00:00,94.9849,95.3942,94.7168,95.3942,7358.8
2026-01-23T23:00:00,95.3942,96.5705,95.3942,96.4274,10392.1
2026-01-24T00:00:00,96.4274,98.0760,96.4274,98.0760,9575.2
2026-01-24T01:00:00,98.0760,99.3565,98.0760,99.0592,19128.7
2026-01-24T02:00:00,99.0592,100.1874,99.0592,99.3912,14744.1
2026-01-24T03:00:00,99.3912,100.3872,99.3912,100.3346,17743.5
2026-01-24T04:00:00,100.3346,100.7642,100.0745,100.4319,22591.9
2026-01-24T05:00:00,100.4319,100.6512,100.1304,100.1304,44233.4
2026-01-24T06:00:00,100.1304,100.3440,99.4294,100.3440,24255.3
2026-01-24T07:00:00,100.3440,100.9090,100.0555,100.9090,22658.8
2026-01-24T08:00:00,100.9090,101.1567,100.4824,100.6386,33603.5
2026-01-24T09:00:00,100.6386,100.6829,100.2451,100.6829,33249.0
2026-01-24T10:00:00,100.6829,101.6009,100.6829,100.9514,49462.0
2026-01-24T11:00:00,100.9514,101.2819,100.3071,101.0950,27883.5
2026-01-24T12:00:00,101.0950,101.7053,101.0950,101.6143,28400.7
2026-01-24T13:00:00,101.6143,101.8107,101.3947,101.4350,37457.4
2026-01-24T14:00:00,101.4350,101.6023,100.9407,100.9457,44385.8
2026-01-24T15:00:00,100.9457,101.0879,100.4484,100.5226,41674.7
2026-01-24T16:00:00,100.5226,100.9323,99.3290,99.3306,46770.7
2026-01-24T17:00:00,99.3306,99.3306,97.7899,98.3951,22257.4
2026-01-24T18:00:00,98.3951,98.6893,96.7295,97.0315,21208.3
2026-01-24T19:00:00,97.0315,97.0315,95.5615,95.8643,18186.5
2026-01-24T20:00:00,95.8643,95.8643,94.9242,94.9242,15948.3
2026-01-24T21:00:00,94.9242,95.9121,94.6189,95.6158,10866.4
2026-01-24T22:00:00,95.6158,96.0224,95.3906,95.9739,7687.5
2026-01-24T23:00:00,95.9739,96.8604,95.4116,96.8604,7815.9
2026-01-25T00:00:00,96.8604,100.7722,96.8604,100.7722,18661.9
2026-01-25T01:00:00,100.7722,101.8887,100.7722,101.8887,19789.1
2026-01-25T02:00:00,101.8887,102.8383,101.8887,102.8383,35425.2
2026-01-25T03:00:00,102.8383,104.2149,102.8383,104.1734,23017.2
2026-01-25T04:00:00,104.1734,104.6091,103.6165,104.1788,34063.4
2026-01-25T05:00:00,104.1788,104.3319,103.3164,103.8528,20459.8
2026-01-25T06:00:00,103.8528,103.8738,103.5032,103.6636,24549.9
2026-01-25T07:00:00,103.6636,104.3263,103.3998,103.3998,25040.4
2026-01-25T08:00:00,103.3998,104.3559,103.3998,103.9571,28180.3
2026-01-25T09:00:00,103.9571,104.7946,103.8386,104.6046,27557.9
2026-01-25T10:00:00,104.6046,104.7868,104.0811,104.6904,30269.8
2026-01-25T11:00:00,104.6904,104.8699,104.3735,104.6588,35879.4
2026-01-25T12:00:00,104.6588,105.9591,104.6588,104.8817,35422.6
2026-01-25T13:00:00,104.8817,105.7401,104.6576,105.4119,47577.1
2026-01-25T14:00:00,105.4119,105.4119,103.8407,104.0785,42916.7
2026-01-25T15:00:00,104.0785,104.5232,103.6157,103.6157,38663.8
2026-01-25T16:00:00,103.6157,103.6978,102.2781,102.2781,51302.0
2026-01-25T17:00:00,102.2781,102.8878,101.5232,101.5232,32325.3
2026-01-25T18:00:00,101.5232,101.5232,100.0643,100.0643,26312.0
2026-01-25T19:00:00,100.0643,100.0643,99.0602,99.1438,18203.6
2026-01-25T20:00:00,99.1438,99.1438,98.2253,98.2253,13428.3
2026-01-25T21:00:00,98.2253,98.4063,97.4328,97.9893,10643.0
2026-01-25T22:00:00,97.9893,98.9710,97.7037,98.9710,7468.2
2026-01-25T23:00:00,98.9710,100.2770,98.9710,100.0595,12651.2
2026-01-26T00:00:00,100.0595,101.4733,100.0595,101.4346,17923.9
2026-01-26T01:00:00,101.4346,102.3915,101.4276,102.2076,20098.8
2026-01-26T02:00:00,102.2076,102.9071,102.2076,102.5563,16883.6
2026-01-26T03:00:00,102.5563,103.2461,102.2698,103.2461,16121.7
2026-01-26T04:00:00,103.2461,104.4391,103.2461,103.7964,22879.1
2026-01-26T05:00:00,103.7964,104.0959,103.2392,104.0959,27396.1
2026-01-26T06:00:00,104.0959,104.2793,103.6883,104.2598,32928.4
2026-01-26T07:00:00,104.2598,104.2598,103.4539,104.0636,27700.5
2026-01-26T08:00:00,104.0636,104.7852,104.0094,104.3412,28496.1
2026-01-26T09:00:00,104.3412,105.0866,104.2618,104.7311,45230.3
2026-01-26T10:00:00,104.7311,105.9130,104.6782,105.6402,31520.5
2026-01-26T11:00:00,105.6402,106.6638,105.2882,106.6638,49512.2
2026-01-26T12:00:00,106.6638,107.3516,106.4859,106.7656,46952.6
2026-01-26T13:00:00,106.7656,106.7656,105.3853,106.3854,30592.7
2026-01-26T14:00:00,106.3854,106.9581,105.9166,105.9166,43289.1
2026-01-26T15:00:00,105.9166,105.9166,104.8665,104.8888,35875.5
2026-01-26T16:00:00,104.8888,105.0602,103.5497,103.5497,30403.6
2026-01-26T17:00:00,103.5497,103.6168,102.3279,102.3279,21035.1
2026-01-26T18:00:00,102.3279,102.3279,100.8364,100.8364,18187.5
2026-01-26T19:00:00,100.8364,101.2164,100.1652,100.1652,19563.4
2026-01-26T20:00:00,100.1652,100.1652,99.6189,99.6189,11797.1
2026-01-26T21:00:00,99.6189,99.7558,99.2204,99.6524,9794.7
2026-01-26T22:00:00,99.6524,100.1247,99.6524,99.9896,6676.3
2026-01-26T23:00:00,99.9896,100.6721,99.8934,100.5248,8801.7
2026-01-27T00:00:00,100.5248,100.5248,98.9858,99.3361,11878.8
2026-01-27T01:00:00,99.3361,100.3323,98.9209,100.3323,11461.8
2026-01-27T02:00:00,100.3323,101.4448,100.3323,101.1117,13615.9
2026-01-27T03:00:00,101.1117,101.9375,101.1117,101.9375,25292.2
2026-01-27T04:00:00,101.9375,102.4130,101.9375,102.4097,25796.5
2026-01-27T05:00:00,102.4097,102.4477,102.1022,102.2163,21488.2
2026-01-27T06:00:00,102.2163,102.6810,102.0971,102.4286,27071.6
2026-01-27T07:00:00,102.4286,102.5913,102.0199,102.1550,33467.5
2026-01-27T08:00:00,102.1550,102.6239,102.1078,102.2501,44456.9
2026-01-27T09:00:00,102.2501,102.5759,101.9881,102.5759,26786.2
2026-01-27T10:00:00,102.5759,102.5759,101.8687,102.3933,39211.1
2026-01-27T11:00:00,102.3933,103.0823,102.3016,102.9856,60129.7
2026-01-27T12:00:00,102.9856,103.4216,102.6997,103.4216,40330.8
2026-01-27T13:00:00,103.4216,104.0654,102.9842,103.4495,54295.7
2026-01-27T14:00:00,103.4495,103.4495,102.7757,103.0146,23307.9
2026-01-27T15:00:00,103.0146,103.1602,102.2268,102.2268,54334.1
2026-01-27T16:00:00,102.2268,102.3693,100.8453,100.9504,37131.0
2026-01-27T17:00:00,100.9504,100.9504,99.7785,99.7911,20860.3
2026-01-27T18:00:00,99.7911,99.7911,98.5848,98.5848,29555.0
2026-01-27T19:00:00,98.5848,98.8578,97.8259,97.8259,22633.5
2026-01-27T20:00:00,97.8259,98.2281,97.0226,97.0226,17041.3
2026-01-27T21:00:00,97.0226,97.4651,97.0226,97.1607,12076.7
2026-01-27T22:00:00,97.1607,97.6870,96.8513,97.6870,8488.7
2026-01-27T23:00:00,97.6870,98.8322,97.4988,98.4628,8203.8
2026-01-28T00:00:00,98.4628,99.2275,98.4282,98.4282,10332.7
2026-01-28T01:00:00,98.4282,99.6731,98.3011,99.6731,16209.7
2026-01-28T02:00:00,99.6731,100.4986,99.6731,100.0593,20571.9
2026-01-28T03:00:00,100.0593,101.1987,100.0593,100.9740,20902.7
2026-01-28T04:00:00,100.9740,101.5329,100.2262,101.5329,25448.9
2026-01-28T05:00:00,101.5329,101.8923,101.2875,101.8742,32155.0
2026-01-28T06:00:00,101.8742,102.3387,101.4477,102.1121,29747.8
2026-01-28T07:00:00,102.1121,102.1121,101.2311,101.9837,46997.0
2026-01-28T08:00:00,101.9837,102.0995,101.4197,102.0943,47779.7
2026-01-28T09:00:00,102.0943,102.6217,101.7819,102.6217,25754.9
2026-01-28T10:00:00,102.6217,103.2319,102.3759,103.1311,31225.7
2026-01-28T11:00:00,103.1311,103.5349,103.0415,103.5349,28259.1
2026-01-28T12:00:00,103.5349,103.8549,102.6366,103.2173,30615.6
2026-01-28T13:00:00,103.2173,103.4221,102.8610,103.3774,45035.5
2026-01-28T14:00:00,103.3774,104.4024,103.3528,103.3528,31718.5
2026-01-28T15:00:00,103.3528,103.5065,102.5726,102.8442,30983.1
2026-01-28T16:00:00,102.8442,102.8711,101.7438,101.7438,34593.6
2026-01-28T17:00:00,101.7438,101.7438,99.6499,99.9297,39110.3
2026-01-28T18:00:00,99.9297,99.9297,98.9056,99.0547,22506.1
2026-01-28T19:00:00,99.0547,99.0547,97.6534,98.0317,17083.6
2026-01-28T20:00:00,98.0317,98.2800,96.6675,96.6675,16787.0
2026-01-28T21:00:00,96.6675,96.8467,96.2826,96.7802,10301.5
2026-01-28T22:00:00,96.7802,96.9795,96.5877,96.7314,9031.6
2026-01-28T23:00:00,96.7314,97.7269,96.6526,97.1547,11477.7
2026-01-29T00:00:00,97.1547,98.3126,97.1547,97.4908,9426.7
2026-01-29T01:00:00,97.4908,99.0155,97.4908,99.0155,17517.7
2026-01-29T02:00:00,99.0155,99.8818,99.0155,99.8348,17060.4
2026-01-29T03:00:00,99.8348,100.8865,99.8348,100.6482,28709.8
2026-01-29T04:00:00,100.6482,101.6693,100.5085,101.6693,31215.9
2026-01-29T05:00:00,101.6693,102.3495,100.9450,102.3495,21851.9
2026-01-29T06:00:00,102.3495,102.3495,101.5662,102.2912,36454.1
2026-01-29T07:00:00,102.2912,102.4349,101.1605,102.2013,22183.0
2026-01-29T08:00:00,102.2013,102.2013,101.6018,101.8837,39331.1
2026-01-29T09:00:00,101.8837,101.9333,100.7854,101.9333,33103.8
2026-01-29T10:00:00,101.9333,102.4630,101.3494,102.4630,29290.4
2026-01-29T11:00:00,102.4630,103.0525,102.4630,102.9487,29640.9
2026-01-29T12:00:00,102.9487,103.7066,102.8159,103.1782,36581.1
2026-01-29T13:00:00,103.1782,103.5988,102.7800,103.4231,40111.0
2026-01-29T14:00:00,103.4231,103.4231,102.3741,102.6804,35805.6
2026-01-29T15:00:00,102.6804,102.6804,101.3338,101.8496,45074.6
2026-01-29T16:00:00,101.8496,101.8496,100.9877,100.9877,26582.3
2026-01-29T17:00:00,100.9877,101.3914,99.8939,99.9042,31015.8
2026-01-29T18:00:00,99.9042,99.9042,98.9500,99.0049,24353.2
2026-01-29T19:00:00,99.0049,99.0451,98.0921,98.0921,12195.0
2026-01-29T20:00:00,98.0921,98.1732,97.0764,97.3416,13974.4
2026-01-29T21:00:00,97.3416,97.7012,96.5905,97.2882,7038.8
2026-01-29T22:00:00,97.2882,97.4113,96.5082,97.2527,4760.4
2026-01-29T23:00:00,97.2527,97.6883,97.0605,97.4301,8007.8
2026-01-30T00:00:00,97.4301,97.4946,97.0398,97.4946,10890.5
2026-01-30T01:00:00,97.4946,98.4535,97.4946,98.4535,19414.7
2026-01-30T02:00:00,98.4535,99.8062,98.4535,99.4165,17827.5
2026-01-30T03:00:00,99.4165,99.8829,99.1160,99.5086,29729.6
2026-01-30T04:00:00,99.5086,99.8525,99.1485,99.8525,33773.7
2026-01-30T05:00:00,99.8525,100.2718,99.4073,99.9219,32933.7
2026-01-30T06:00:00,99.9219,100.3218,99.7264,99.8100,36538.8
2026-01-30T07:00:00,99.8100,99.8100,99.2179,99.2763,32035.9
2026-01-30T08:00:00,99.2763,99.7068,99.2763,99.5187,26907.1
2026-01-30T09:00:00,99.5187,100.4917,99.0294,100.2570,38692.7
2026-01-30T10:00:00,100.2570,101.2103,100.2570,100.8489,43871.6
2026-01-30T11:00:00,100.8489,101.0797,100.5354,101.0797,38911.1
2026-01-30T12:00:00,101.0797,101.4141,101.0334,101.3748,37268.3
2026-01-30T13:00:00,101.3748,101.7192,101.3748,101.6388,28756.6
2026-01-30T14:00:00,101.6388,101.6770,100.3652,100.3652,50541.2
2026-01-30T15:00:00,100.3652,100.3652,98.9380,99.7023,42521.4
2026-01-30T16:00:00,99.7023,99.8612,98.8245,98.9480,26930.1
2026-01-30T17:00:00,98.9480,99.0509,97.6957,98.0524,31296.5
2026-01-30T18:00:00,98.0524,98.0524,97.4771,97.4771,27726.3
2026-01-30T19:00:00,97.4771,97.6432,96.8745,96.8745,17398.2
2026-01-30T20:00:00,96.8745,96.9580,96.2926,96.3511,15193.1
2026-01-30T21:00:00,96.3511,96.6384,95.7107,96.2753,10918.2
2026-01-30T22:00:00,96.2753,96.9049,96.0020,96.7918,6197.8
2026-01-30T23:00:00,96.7918,97.5056,96.7918,97.2314,8771.6
2026-01-31T00:00:00,97.2314,99.1113,97.2314,99.1113,14812.8
2026-01-31T01:00:00,99.1113,100.3196,99.1113,100.3196,19848.0
2026-01-31T02:00:00,100.3196,101.7277,100.3196,101.7277,27829.5
2026-01-31T03:00:00,101.7277,102.4943,101.7277,102.1546,14665.4
2026-01-31T04:00:00,102.1546,102.3945,101.4373,102.3945,24142.7
2026-01-31T05:00:00,102.3945,102.9532,102.3945,102.5264,30517.9
2026-01-31T06:00:00,102.5264,103.0139,102.2219,102.9267,36662.9
2026-01-31T07:00:00,102.9267,102.9267,101.6935,102.8248,41220.3
2026-01-31T08:00:00,102.8248,104.0914,102.8248,103.3249,25306.7
2026-01-31T09:00:00,103.3249,103.3340,102.6187,103.0905,29667.1
2026-01-31T10:00:00,103.0905,103.2686,101.8459,103.2686,27288.7
2026-01-31T11:00:00,103.2686,103.5382,102.7224,103.4559,43943.3
2026-01-31T12:00:00,103.4559,104.0550,103.0774,103.8480,29703.3
2026-01-31T13:00:00,103.8480,104.2723,103.6769,104.0253,51824.2
2026-01-31T14:00:00,104.0253,104.0253,102.9595,102.9595,52495.5
2026-01-31T15:00:00,102.9595,102.9595,101.8155,101.8155,45487.2
2026-01-31T16:00:00,101.8155,102.0049,100.8393,100.8393,22664.4
2026-01-31T17:00:00,100.8393,100.8393,99.3898,99.3898,27619.3
2026-01-31T18:00:00,99.3898,99.3898,97.3082,97.7596,30432.9
2026-01-31T19:00:00,97.7596,97.8886,96.7700,97.2371,12999.6
2026-01-31T20:00:00,97.2371,97.7570,96.8680,96.8680,11998.6
2026-01-31T21:00:00,96.8680,97.8669,96.8680,96.9292,9049.1
2026-01-31T22:00:00,96.9292,97.5991,96.6898,97.1154,10053.1
2026-01-31T23:00:00,97.1154,98.5408,96.8575,98.1542,10481.9
2026-02-01T00:00:00,98.1542,101.9205,98.1542,101.9205,16163.3
2026-02-01T01:00:00,101.9205,103.2559,101.7734,103.2559,14890.8
2026-02-01T02:00:00,103.2559,104.0792,103.2559,103.7654,19036.4
2026-02-01T03:00:00,103.7654,104.2108,103.7654,104.1179,21444.9
2026-02-01T04:00:00,104.1179,104.6906,104.0696,104.6078,29281.5
2026-02-01T05:00:00,104.6078,104.9319,104.3205,104.5674,24923.5
2026-02-01T06:00:00,104.5674,105.0886,104.4673,104.9030,34969.9
2026-02-01T07:00:00,104.9030,105.0583,104.2185,105.0583,19841.8
2026-02-01T08:00:00,105.0583,106.0734,104.8600,104.8895,39109.1
2026-02-01T09:00:00,104.8895,105.2538,104.5834,105.2210,31235.5
2026-02-01T10:00:00,105.2210,105.4883,104.9707,105.4883,44144.6
2026-02-01T11:00:00,105.4883,106.4854,105.2236,106.1871,39047.7
2026-02-01T12:00:00,106.1871,106.7989,106.1657,106.1657,46184.6
2026-02-01T13:00:00,106.1657,106.3888,105.7329,105.9609,55547.2
2026-02-01T14:00:00,105.9609,106.2193,105.7670,105.9641,34753.5
2026-02-01T15:00:00,105.9641,106.5593,105.8683,105.8683,38130.0
2026-02-01T16:00:00,105.8683,106.1896,105.2796,105.2796,33819.3
2026-02-01T17:00:00,105.2796,105.3853,103.8162,103.8162,33343.0
2026-02-01T18:00:00,103.8162,103.8162,102.4894,102.4894,17659.7
2026-02-01T19:00:00,102.4894,102.4894,101.6087,101.8574,17155.8
2026-02-01T20:00:00,101.8574,102.0439,101.0379,101.0379,12415.2
2026-02-01T21:00:00,101.0379,101.3968,100.4569,100.4569,8158.4
2026-02-01T22:00:00,100.4569,101.1393,100.2156,100.7601,8016.8
2026-02-01T23:00:00,100.7601,101.9697,100.7601,101.5529,6885.0
2026-02-02T00:00:00,101.5529,102.6551,101.5529,102.6551,16904.0
2026-02-02T01:00:00,102.6551,103.2070,102.6551,103.0688,16743.4
2026-02-02T02:00:00,103.0688,103.6427,102.9931,103.5110,28469.4
2026-02-02T03:00:00,103.5110,104.8270,103.4590,104.4869,19208.4
2026-02-02T04:00:00,104.4869,104.7294,104.4339,104.6860,18921.5
2026-02-02T05:00:00,104.6860,105.5596,104.6860,104.9051,27964.3
2026-02-02T06:00:00,104.9051,105.1212,104.1338,105.1212,19236.8
2026-02-02T07:00:00,105.1212,105.8265,104.8962,105.4501,30570.3
2026-02-02T08:00:00,105.4501,105.8740,105.4501,105.5069,25602.2
2026-02-02T09:00:00,105.5069,106.1982,105.5069,105.9809,30476.2
2026-02-02T10:00:00,105.9809,106.3332,105.8147,106.0436,35863.5
2026-02-02T11:00:00,106.0436,106.3161,105.4687,106.3161,37381.1
2026-02-02T12:00:00,106.3161,106.3161,105.2318,106.2268,57788.2
2026-02-02T13:00:00,106.2268,106.9806,106.2268,106.6315,46794.3
2026-02-02T14:00:00,106.6315,106.9041,106.2026,106.2026,30652.9
2026-02-02T15:00:00,106.2026,106.2026,105.1499,105.1499,50091.0
2026-02-02T16:00:00,105.1499,105.1499,103.9620,103.9620,27513.3
2026-02-02T17:00:00,103.9620,103.9620,102.4215,102.6850,32027.1
2026-02-02T18:00:00,102.6850,102.6850,101.7648,101.7648,18539.8
2026-02-02T19:00:00,101.7648,101.7648,100.2437,100.3079,15907.1
2026-02-02T20:00:00,100.3079,100.6514,99.5020,99.5020,17425.3
2026-02-02T21:00:00,99.5020,99.5020,98.7115,99.4103,8213.9
2026-02-02T22:00:00,99.4103,100.8733,99.4103,100.7107,7900.5
2026-02-02T23:00:00,100.7107,101.7539,100.7107,101.7539,8690.4
2026-02-03T00:00:00,101.7539,102.1765,100.7080,100.7080,11601.4
2026-02-03T01:00:00,100.7080,101.8916,100.7080,101.8916,22148.8
2026-02-03T02:00:00,101.8916,103.6611,101.8916,103.3805,15911.6
2026-02-03T03:00:00,103.3805,104.1099,103.3805,103.8072,16961.3
2026-02-03T04:00:00,103.8072,104.3046,103.7202,103.9637,27535.1
2026-02-03T05:00:00,103.9637,104.8026,103.9637,104.4667,19024.9
2026-02-03T06:00:00,104.4667,104.9014,104.0986,104.5692,25261.2
2026-02-03T07:00:00,104.5692,104.8253,104.3261,104.7224,36639.2
2026-02-03T08:00:00,104.7224,105.0421,103.6091,104.5538,30089.8
2026-02-03T09:00:00,104.5538,105.6082,104.5538,105.3672,30326.6
2026-02-03T10:00:00,105.3672,106.1243,105.0625,106.1243,30755.2
2026-02-03T11:00:00,106.1243,106.4286,105.5717,106.4286,30365.3
2026-02-03T12:00:00,106.4286,107.0817,105.6800,106.6327,34187.1
2026-02-03T13:00:00,106.6327,106.6327,105.1805,105.6345,43998.5
2026-02-03T14:00:00,105.6345,105.6345,105.1343,105.3021,52702.7
2026-02-03T15:00:00,105.3021,105.3021,104.2971,104.2971,49703.3
2026-02-03T16:00:00,104.2971,104.2971,103.2314,103.2314,32207.9
2026-02-03T17:00:00,103.2314,103.3799,102.0168,102.0977,26477.8
2026-02-03T18:00:00,102.0977,102.2769,100.6685,100.6685,29423.9
2026-02-03T19:00:00,100.6685,100.6685,98.9612,99.0934,12947.4
2026-02-03T20:00:00,99.0934,99.1349,98.6137,98.6554,11517.4
2026-02-03T21:00:00,98.6554,98.9102,98.3154,98.3154,8815.0
2026-02-03T22:00:00,98.3154,98.8259,98.1898,98.5932,6538.7
2026-02-03T23:00:00,98.5932,99.1979,98.5932,99.1591,7593.4
